{
  "project_info": {
    "project_number": "699188360974",
    "project_id": "e-mall-b14a5",
    "storage_bucket": "e-mall-b14a5.firebasestorage.app"
  },
  "client": [
    {
      "client_info": {
        "mobilesdk_app_id": "1:699188360974:android:76650a56898a018c2dc95f",
        "android_client_info": {
          "package_name": "com.example.e_mall"
        }
      },
      "oauth_client": [],
      "api_key": [
        {
          "current_key": "AIzaSyBaTzLgeyWi4y297cJYUCIv6TKxtXkx9AU"
        }
      ],
      "services": {
        "appinvite_service": {
          "other_platform_oauth_client": []
        }
      }
    }
  ],
  "configuration_version": "1"
}